v1,v2
NSR,'The system shall refresh the display every 60 seconds.'
NSR,'The application shall match the color of the schema set forth by Department of Homeland Security'
NSR,' If projected  the data must be readable.  On a 10x10 projection screen  90% of viewers must be able to read Event / Activity data from a viewing distance of 30'
NSR,' The product shall be available during normal business hours. As long as the user has access to the client PC  the system will be available 99% of the time during the first six months of operation.'
NSR,' If projected  the data must be understandable. On a 10x10 projection screen  90% of viewers must be able to determine that Events or Activities are occuring in current time from a viewing distance of 100'
SR,'The product shall ensure that it can only be accessed by authorized users.  The product will be able to distinguish between authorized and unauthorized users in all access attempts'
NSR,'The product shall be intuitive and self-explanatory.  :  90% of new users shall be able to start the display of Events or Activities within 90 minutes of using the product.'
NSR,'The product shall respond fast to keep up-to-date data in the display.'
NSR,'The system shall have a MDI form that allows for the viewing of the graph and the data table.'
NSR,'The system shall display Events in a vertical table by time.'
NSR,'The system shall display the Events in a graph by time.'
NSR,'The system shall display Events or Activities.'
NSR,' The display shall have two regions:  left 2/3 of the display is graphical  right 1/3 of the display is a data table'
NSR,'The data displayed in both the nodes within the graph and the rows in the table are MSEL Summary data'
NSR,'The table side of the display shall be split into 2 regions: sequential and temporal.'
NSR,'The top 1/4 of the table will hold events that are to occur sequentially.'
NSR,'The bottom 3/4 of the table will hold events that occur according to its relevance to current time.'
NSR,'The system shall color code events according to their variance from current time.'
NSR,'The system shall display data from the Sync Matrix 1.0 and Exercise Management Tool 1.0 applications'
NSR,'The system shall link Events back to either the Sync Matrix 1.0 or the Exercise Managment Tool 1.0 applications for modifications.'
NSR,'The system shall allow modification of the display.'
NSR,'The system shall offer a display of all the Events in the exercise.'
NSR,'The system shall filter data by: Venues and Key Events.'
NSR,'The system shall allow a user to define the time segments'
NSR,'The system shall display the local and exercise time in separate clocks'
SR,'The Disputes System shall generate a User Report that details any new users that have been added and any changes to an existing user’s access level.  The report will be reviewed for auditing purposes.'
SR,'All additions of new users and modifications to user’s access shall be recorded on the User Report.'
SR,' If a user account is revoked  it can only be re-instantiated by the System Administrator.'
NSR,'The system shall offer the ability to pause and resume the refresh of data.'
NSR,'The system shall provide charts for the Activity or Event actual versus assumed time.'
NSR,'The system shall provide a history report of changes made to the Activity or Event data'
NSR,'The look and feel of the system shall conform to the user interface standards of the smart device.'
NSR,' The user interface shall have standard menus  buttons for navigation'
NSR,'The system shall have a professional appearance'
NSR,'The product shall have a consistent color scheme and fonts.'
NSR,'The system shall be used by realtors with no training.'
NSR,'The system shall be intuitive and self explanatory.'
NSR,'The product shall be easy for a realtor to learn.'
SR,'Only registered customers can purchase streaming movies.'
SR,' A customer can only stream a movie if they purchased it  and are within the 2 day viewing period.'
SR,'Only authorized personnel can access customer records in the database.'
SR,'Only administrators can activate a pre-paid card.'
NSR,'The product shall use symbols and words that are naturally understandable by the realtor community.'
NSR,'The product shall produce search results in an acceptable time'
NSR,'The search results shall be returned no later 30      seconds  after the user has entered the search criteria'
NSR,'The product shall generate a CMA report in an acceptable time.'
NSR,'The CMA report shall be returned no later 60 seconds after the user has entered the CMA report criteria.'
NSR,'The product shall synchronize contacts and appointments in an acceptable time.'
NSR,'The product shall synchronize with the office system every hour.'
NSR,' The product shall be available for use 24 hours per day  365 days  per year'
NSR,' Out of 1000 accesses to the system  the system is available 999 times.'
NSR,'The product shall operate in offline mode whenever internet connection is unavailable.'
NSR,' The product shall allow the user to view previously downloaded search results  CMA reports  and appointments.'
NSR,'The product shall retain user preferences in the event of a failure.'
NSR,'100% of saved user preferences shall be restored when system comes back online.'
NSR,'The product shall be able to support multiple remote users'
NSR,'The product shall be able support 1000 simultaneous users.'
NSR,'The product shall be capable of handling the existing 1000 users. This number is expected to grow 5 times within the next year.'
NSR,'The product shall be installed by an untrained realtor   without recourse to separately-printed instructions.'
NSR,'90% of untrained realtors shall be able to install the product on their device without printed instructions'
NSR,'The product is expected to run on Windows CE and Palm operating systems.'
SR,'Only registered realtors shall be able to access the system.'
SR,'Every user of the system shall be authenticated and authorized.'
SR,'The product shall prevent its data from incorrect data being introduced.'
NSR,'The system shall allow a real estate agent to query MLS information'
NSR,'The user shall be able to get driving directions to a selected property'
NSR,'The user shall be able to download appointments and contact information for clients'
NSR,'The system shall display clear property images in the search results'
NSR,'The system shall update or create new property listings in the MLS'
NSR,'Realtor shall be able to generate a CMA report based on property criteria'
NSR,'The system shall be able to call the seller or buyer to schedule an appointment'
NSR,'The realtor shall be notified of new client appointments after automatic synchronization with office system'
NSR,'The realtor shall be able to retrieve a map showing property locations for a specified area'
NSR,'The system shall notify the realtor when a seller or buyer responds to an appointment request'
NSR,'The product shall allow the user to save the property search results.'
NSR,'The system shall be easy to use by the Program Administrators/Nursing Staff Members.'
NSR,'All of the users shall be able to use the system after one day of training.'
NSR,'The system shall help the user avoid making mistakes while scheduling classes and clinicals for the nursing students.'
NSR,'The number of mistakes noted by the students shall be decreased by 50% in the first year.'
NSR,'The system shall be intuitive to the Program Administrators/Nursing Staff Members.'
SR,'The system shall have basic data integrity checking to reduce the possibility of incorrect or invalid data being introduced.'
SR,'The system shall protect private information in accordance with the organization’s information policy.'
SR,'The system shall be built such that it is as secure as possible from malicious interference.'
SR,'The system shall use the organization’s standard virus protection software to help monitor threats to itself.'
NSR,'2 out of 3 Program Administrators/Nursing Staff Members shall successfully be able to use the system to manage the scheduling of classes and clinicals.'
NSR,'The system shall use symbols and words that are naturally understandable by the user community.'
NSR,'The verbiage used within the system shall be consistent with Standard English and the terminology of the national Nursing Community.'
NSR,'Staff members shall be able to complete a set of tasks in a timely manner.'
NSR,'The response time of general student management tasks shall take no longer than 5 seconds and the response time of schedule generation shall take no longer than 30 seconds.'
NSR,'The system shall be available for use between the hours of 8am and 6pm.'
NSR,'The system shall achieve 95% up time.'
NSR,'system shall be able to handle all of the user requests/usage during business hours.'
NSR,'The system shall cater to 10 simultaneous users from 9am to 5pm.'
NSR,'The system shall be capable of processing 100% of nursing students and their classes for the next 10 years.'
NSR,'The system shall be expected to manage the nursing program curriculum and class/clinical scheduling for a minimum of 5 years.'
NSR,'The system shall able to operate within a business office environment typical of the Nursing Department at DePaul University.'
NSR,'The system shall be used within the specifications defined by the computers used by the Program Administrators/Nursing Staff Members.'
NSR,'The system shall operate within the Windows XP Professional operating system.'
NSR,'The system shall interface with CampusConnect’s central server'
NSR,'The system shall interface with the faculty central server.'
NSR,'The system shall interface with the student master server.'
NSR,'We must be able to interface with any HTML browser.'
SR,'Only authorized users shall have access to clinical site information.'
SR,'Program Administrators/Nursing Staff Members are the only people who shall have access to clinical site details.'
SR,'Only authorized users shall have access to students’ personal information.'
SR,'Dr Susan Poslusny and Dr Julie Donalek are the only people who shall have access to students’ personal information.'
SR,'Only authorized users shall have access to the portion of the system that interfaces with CampusConnect.'
SR,'Fit Criterion: Dr Susan Poslusny and Karen Sysol are the only people who shall have access to the final class section scheduling for the system that interfaces with CampusConnect.'
NSR,'A cohort shall be associated to one Program of Study offered by the department.'
SR,'Program Administrators and Nursing Staff Members shall be able to add a listing of students to a cohort.'
SR,'Program Administrators and Nursing Staff Members shall be able to add a single student to a cohort'
NSR,'Students added to a cohort shall be eligible for the cohort’s Program of Study.'
NSR,'Program Administrators and Nursing Staff Members shall be able to specify the preferred sequence of classes for a given cohort.'
NSR,' For each class within a sequence for a cohort  Program Administrators and Nursing Staff Members shall be able to specify which quarter that class will be offered.'
NSR,' For each class within a sequence for a cohort  Program Administrators and Nursing Staff Members shall be able to specify which quarter that class will be offered.'
NSR,'Program Administrators and Nursing Staff Members shall be able to add new classes to a sequence of classes'
NSR,'Program Administrators and Nursing Staff Members shall be able to add clinical classes or sections to a sequence of classes'
NSR,' Program Administrators and Nursing Staff Members shall be able to add a new cohort to the system  identified by start month and year.'
NSR,'Program Administrators and Nursing Staff Members shall be able to add new classes for the nursing department into the system.'
NSR,'A class shall be either a non-clinical class or a clinical class.'
NSR,' A non-clinical class shall specify the course name  lecture room requirements  and instructor needs.'
NSR,' A clinical class shall specify the course name  lecture room requirements  clinical site needs  lecture instructor needs  and clinical lab instructor needs.'
NSR,'Program Administrators/Nursing Staff Members shall be able to create a new Program of Study.'
NSR,'A Program of Study shall consist of a program name and listing of required classes (both clinical and non-clinical) that must be completed.'
NSR,'Program Administrators and Nursing Staff Members shall have the ability to specify which classes are required for a Program of Study'
NSR,'The system shall be able to display a report of needed classes for a given quarter for all cohorts of all programs for Program Administrators/Nursing Staff Members’ planning purposes.'
NSR,' The report of needed classes shall include (but not be limited to) classes to be offered  number of sections needed  number of labs needed  and room types needed.'
NSR,'Classes for a given cohort shall not conflict with regards to the time and day that they are offered.'
SR,'The Disputes application shall ensure that only users with the appropriate access level are allowed to initiate dispute requests.'
SR,'Only users with Update access must be able to initiate dispute requests.'
SR,'The Disputes application shall ensure that only authorized users are allowed to logon to the application.'
SR,' All authorized users  once authenticated must be able to logon to the Disputes System'
NSR,'Program Administrators and Nursing Staff Members shall be able to add a new clinical site into the system.'
NSR,' Clinical site information shall include (but not be limited to) the name of the site  contact person  and contact information.'
NSR,'Program Administrators and Nursing Staff Members shall be able to add a new clinical lab section for an existing clinical class into the System.'
NSR,' A clinical lab section shall include the clinical site name  the class  instructor  day and time of the lab.'
NSR,'Program Administrators and Nursing Staff Members shall be able to add a student who has registered for a clinical class to a clinical lab section for that class.'
NSR,'The system shall allow a Program Administrator or Nursing staff member to remove a student from a clinical lab section.'
NSR,'The system shall allow a Program Administrator/Nursing Staff Member to move a student from one clinical lab section to another clinical lab section corresponding to the same clinical class.'
NSR,'Program Administrators/Nursing Staff Members shall be able to cancel a clinical lab section only if there are no students registered for that clinical lab section.'
NSR,'A Program Administrator/Nursing Staff Member shall be able to add a new nursing student to the system.'
NSR,' A staff member shall have the ability to manage the progress of a part time student  which includes modifying their sequence of classes and timeline of classes.'
NSR,' The system shall be able to display a printable summary for individual cohorts  which will include the students enlisted  the Program of study  sequence of classes  cohort progress through the program  and timeline of completion.'
NSR,' The system shall be able to display a printable summary for individual clinical sites  which will include information on labs being held at that site for the given quarter (Clinical site  general information on labs held at that location  dates and times of all labs held there).'
NSR,' The system shall be able to display a printable summary for individual clinical labs  which will include (but not be limited to) class name  class number  lab section  listing of students enrolled  instructor  day(s)  time  and location.'
NSR,' The system shall be able to display a printable summary for individual nursing students  which will include (but not be limited to) student name  student ID  admission date  classes  credits  GPA  and the cohort that the student is enrolled in.'
NSR,'The system shall be able to display a printable summary of the system log.'
NSR,' The system shall contain contact information (e-mail and phone number) for all people relevant to the system  including (but not limited to) staff members  students  lecture instructors  clinical lab instructors  and clinical site administrators.'
NSR,'The system will use the stored e-mail addresses as a primary means of communicating information to affected parties.'
NSR,' The system will notify affected parties for routine communication purposes  including but not limited to informing students of upcoming offered classes (timeline) and what their schedule will be/shall be.'
NSR,' The system will notify affected parties when changes occur affecting clinicals  including but not limited to clinical section capacity changes  and clinical section cancellations.'
NSR,' The system will notify affected parties when changes occur affecting classes  including but not limited to class cancellations  class section detail changes  and changes to class offerings for a given quarter.'
NSR,' The system will notify affected parties when changes occur affecting cohorts  including but not limited to changes to the sequence for a cohort’s program of study and changes to a given week’s schedule (lab cancelled this week due to instructor illness).'
NSR,' The system will notify affected parties when changes occur affecting specific students  including but not limited to changing a student’s status from full time to part time and moving a student to a different clinical section.'
NSR,' Program Administrators/Nursing Staff Members shall have the ability to modify information relating to cohorts  including cohort identifier  program of study  preferred sequence of classes and quarters that a cohort will be taking specific classes.'
NSR,' Program Administrators/Nursing Staff Members shall have the ability to modify information relating to a Program of Study within the Nursing Department  including the Program of study name  and required classes for that Program of Study.'
NSR,' Program Administrators/Nursing Staff Members shall have the ability to modify information relating to a Clinical Site  including the clinical site name  site contact person  contact information  and address.'
NSR,' Program Administrators/Nursing Staff Members shall have the ability to modify information relating to a Clinical Lab Section  including the clinical site name  the department/section for the lab  the class  instructor  day and time of lab  and contact information.'
NSR,' Program Administrators/Nursing Staff Members shall have the ability to modify information relating to a Nursing Student  including student ID  student name  phone number  e-mail  status (full time or part time)  and program of study.'
NSR,'The Disputes application shall comply with the corporate standards for user interface creation for internally and externally used applications.'
NSR,'All screens created as part of the Disputes application must comply with corporate standards for interface creation.'
NSR,'The list of dispute cases that are displayed after a search is performed must be color coded for easy identification of dispute cases based upon the dispute case status.'
NSR,'100% of the cardmember and merchant services representatives shall use the Disputes application regularly after a 2-day training course.'
NSR,'100% of cardmember services representatives shall be able to successfully create a dispute case on the first encounter after completing the training course.'
NSR,'100% of merchant services representatives shall be able to successfully perform a follow up action on a dispute case on the first encounter after completing the training course.'
NSR,'The maximum wait time for a user navigating from one screen to another within the Disputes application shall be no more than 5 seconds.'
NSR,'The Disputes application shall support 350 concurrent users without any degradation of performance in the application.'
NSR,' The Disputes application shall be available 24x7x365  with the exception of the following scheduled maintenance windows.  Monday – Saturday 3:00am to 4:00am EST Sunday 1:00amd to 5:00am EST'
NSR,'The Disputes application shall interface with the Statement Database. The Statement Database provides the transaction details to the Disputes System. All transaction details must be obtained from the Statement Database'
NSR,'The Disputes application shall interface with the Cardmember Information Database.  The Cardmember Information Database provides detailed information with regard to a cardmember.  All cardmember detail information must be obtained from the Cardmember Information Database.'
NSR,'The Disputes applications shall interface with the Merchant Information Database.  The Merchant Information Database provides detailed information with regard to the merchant. All merchant detail information shall be obtained from the Merchant Information Database.'
NSR,'The Disputes application shall interface with the Letters application.  This will allow the Disputes application to request letters as part of the dispute initiation and dispute follow up process. All letter requests must be sent to the Print Letter Utility application.'
NSR,'The Disputes application shall interface with the Cardmember Posting and Billing System.  This will allow the Disputes application to request adjustments to cardmember and merchant’s accounts. All adjustment requests must be sent to the Cardmember Posting and Billing System.'
SR,'Only the System Administrator shall be able to reset a revoked user logon account'
SR,'The Disputes application shall manipulate and view business data. Users will not have direct access to data files or databases.'
SR,'All updates to data files or database must be initiated from the Disputes System.'
NSR,'The Disputes application must conform to the legal requirements as specified by the Merchant Operating Regulations.'
NSR,'All business rules specified in the Disputes System shall be in compliance with the Merchant Operating Regulations.'
NSR,'The Disputes application must conform to the legal requirements as specified by Regulation E and Regulation Z that govern credit card disputes processing.'
NSR,'All business rules specified in the Disputes System shall be in compliance to the guidelines of Regulation E and Regulation Z.'
NSR,'The Disputes application must maintain a detailed history of every action that a user takes on a dispute case.  This ensures a complete audit trail if questions arise later on with regard to a particular dispute case.'
NSR,'All actions that modify an existing dispute case must be recorded in the case history.'
NSR,'The Disputes System must be accessible by both internal and external users.'
NSR,'The Disputes System must prevent users from accessing any dispute cases that do not belong to their cardholder base.'
NSR,'The Disputes System will facilitate direct data entry of a dispute case via a user interface that supports real time responses to the users.'
NSR,'The Disputes System must provide different levels of access with regard to disputes case initiation and follow-up actions.'
NSR,'The Disputes System shall provide view access capability for authorized users of the application.'
NSR,'The Disputes System shall provide update access capability for authorized users of the application.'
NSR,'The Disputes System must allow the users to select disputable transactions (based on the age of the transaction) from a user interface and initiate a dispute (ticket retrieval request or chargeback notification) on the selected transaction.'
NSR,'The Disputes System must provide the user the ability to initiate a single dispute case on multiple transactions that belong to a single merchant.'
SR,'Only adjusters can request recycled parts audit reports. No users without an adjuster role shall request recycled parts audits.'
SR,'Only adjusters with a supervisor role can update preferred repair facility ratings. Users without the supervisor role cannot access the repair facility ratings.'
SR,'Only collision estimators shall search for recycled parts.  Users without the collision estimator role shall not have access to the search for recycled parts.'
NSR,'The Disputes System will provide the user the ability to create or initiate a ticket retrieval request.   As part of ticket retrieval creation process the system must prompt the user to enter all the required information to create the ticket retrieval request.  The ticket retrieval request is a document that is sent to merchant inquiring the validity of a transaction.'
NSR,'The Disputes System must allow the user to create three unique types of ticket retrieval requests.  The three types of ticket retrieval requests are (1) Request for original receipt (2) Request for a copy of the receipt or (3) Request for a portfolio. A portfolio consists of documentation that would provide proof of a purchase such as the documentation that is received from a car rental agency that is more than a sales receipt.'
NSR,'The Disputes System must prevent external users from requesting original receipts. Requests for original receipts are restricted to internal users.'
NSR,' The Disputes System must provide a confirmation to the user upon the creation of ticket retrieval request that contains the following information; the dispute case number  the type of retrieval requested (copy  original or portfolio)  and the date that the merchant response is due.'
NSR,'The Disputes System shall allow the user to create or initiate a chargeback request.  The system must prompt the user to enter the required information to initiate a chargeback request. The chargeback request results in a printed chargeback notification that is sent to merchant indicating that their account will be charged back if no proof is provided that the disputed transaction is valid.'
NSR,' The Disputes System must provide a confirmation to the user upon the creation of a chargeback request. The confirmation must contain the following information; the dispute case number  the type of chargeback requested (pending or immediate)  and the date that the merchant response is due.'
NSR,'The Disputes System shall prevent the creation of duplicate dispute requests 100% of the time.'
NSR,' The Disputes System shall accurately provide a list of possible reason codes for a given transaction.  The list of possible reason codes must be derived based on the type of transaction and the industry that the merchant belongs to  according to the business rules defined for the Disputes System.'
NSR,'The Disputes System must provide the ability to view existing dispute cases.'
NSR,' The Disputes System must provide Search functionality.  The search method must include the ability to search by (1) the dispute case number  (2) the merchant account number  (3) the cardmember account number and (4) the issuer number.  In addition to the above criteria  the search functionality must further allow the user to limit the results of the search by a date range  the type of dispute (ticket retrieval request or chargeback notification)  the case status (open  closed or all) and the dispute reason code.'
NSR,'A list of all disputes cases that meet the entered search criteria must be provided to the user.  The list of cases must differentiate the type and/or status of the case by color -coding the line item in the list.  For example all open cases will be yellow and all closed cases will be gray.'
NSR,'The Disputes System shall provide the users the ability to view the history of all activities that have occurred on the dispute case.'
NSR,'The Dispute System shall provide the users with the ability to follow up on a dispute case via follow-up actions.  The list of available follow up actions for a given dispute case must be filtered by the status of the case and the access level of the user.'
NSR,' The Disputes System shall record the name of the user and the date for any activity that creates or modifies the disputes case in the system.  A detailed history of the actions taken on the case  including the date and the user that performed the action must be maintained for auditing purposes.'
NSR,' For any systematic (non-user initiated) action that occurs on a case such as the disputes aging process  a case activity will be generated.  Upon the next logon the user that initiated the dispute case must be notified that a systematic action has occurred on the dispute case.'
NSR,'All letter requests must be formatted according to guidelines specified by the Print Letter Utility system.'
NSR,'Any disputes cases that have been closed for over 6 months must be purged from the online disputes database.'
NSR,'The product must support Internet Explorer 5.5 and above.'
NSR,'The product must support Mozilla Firefox 1.0 and above.'
NSR,'The product shall interface with the Choice Parts System.  This provides the feed of recycled parts data.'
NSR,'The product shall run on the existing hardware for all environments.'
NSR,'The product shall adhere to the corporate Architecture guidelines'
NSR,'The product shall comply with corporate User Interface Guidelines'
NSR,'The product shall comply with corporate color scheme'
NSR,'The appearance of the product shall appear professional'
NSR,'The product shall be easy to use by Adjusters and Collision Estimators.  95% of Adjusters and Collision Estimators shall find the product easy to use.'
NSR,'The product shall increase productivity of Collision Estimators. 80% of the Collision Estimators shall agree their productivity has increase within 1 month of using the product.'
NSR,'Users shall feel satisfied using the product.  85% of all users will be satisfied with the product.'
NSR,'The product shall be easy to learn by Adjusters and Collision Estimators.  The product shall be learned with two days onsite training'
NSR,'The user shall easily locate instructions while using the product.  User help can be found within 90% of the system.'
NSR,'The search for recycled parts shall take no longer than 15 seconds.  The search results shall be returned in under 15 seconds.'
NSR,'The search for the preferred repair facility shall take no longer than 8 seconds.  The preferred repair facility is returned within 8 seconds'
NSR,'The recycled parts audit report shall be returned to the user within 10 seconds.  The audit report shall be returned within 10 seconds.'
NSR,'The preferred repair facility ratings shall be saved within 5 seconds. The save shall occur within 5 seconds.'
NSR,'The product shall adhere to the corporate online availability schedule.  The application is brought down only within 98% of the scheduled outages per the availability schedule.'
NSR,'The product shall achieve a 98% uptime. The product shall not fail more than 2% of the available online time.'
NSR,'The product shall be able to handle up to 1500 simultaneous users. The system shall perform with 1500 users as a time.'
NSR,' The average number of recycled parts records per day shall be 50 000.'
NSR,' The product shall be able to handle 10 000 concurrent users within 2 years of the initial launch.'
NSR,' For estimators  the product shall be able to be operated in a repair facility during dirty and noisy conditions.'
NSR,'The product shall interface with the ChoiceParts system once per day at approximately 1:00 AM.'
NSR,'The maintenance of the product will fall within the established corporate maintenance windows.'
NSR,'The product shall be supported using the corporate support center.'
NSR,'Product installations and upgrades shall be handled by the middleware technology team within established launch time frames.'
SR,'Only valid data shall be entered into the system.  No invalid data shall be entered into the system.'
SR,'One insurance company shall not be able to view another insurance companys claim data.'
SR,'The product shall free of computer viruses.'
SR,'The system shall prevent malicious attacks including denial of service.'
NSR,'The product must comply with Sarbanes-Oxley.'
NSR,'The product shall comply with the estimatics laws relating to recycled parts usage.'
NSR,'The product shall comply with insurance regulations regarding claims processing.'
NSR,' The user shall search for the preferred repair facility using vehicle  vehicle location  and radius in miles'
NSR,' The vehicle data shall include vehicle year  make  and model'
NSR,' The vehicle location shall include street address  city  state  and zipcode'
NSR,' The system shall resolve the zipcode for the street address  city  and state if zipcode is unknown.'
NSR,'The search radius shall be between 1 and 30 miles'
NSR,'The system shall locate the preferred repair facility with the highest ratings for the input criteria'
NSR,'The adjuster shall enter the preferred repair facility on the estimate assignment.'
NSR,'The adjuster shall be able to override the preferred repair facitlity on the estimate assignment.'
NSR,'The preferred repair facility shall be returned to the user.'
NSR,'The system shall return a list of repair facilities within the radius if the preferred repair facility cannot be determined.'
NSR,'The estimator shall search for available recycled parts using damaged vehicle parts information.'
NSR,'The estimator shall search for available recycled parts using a list of preferred parts suppliers.'
NSR,'The system shall search for available recycled parts for the supplied vehicle parts and suppliers.'
NSR,'The estimator shall search by zipcode with a radius of 30 miles if no parts are found for the preferred parts suppliers'
NSR,'The system shall retain the available recycled parts and suppliers returned from the search.'
NSR,'The available recycled parts information and their suppliers shall be returned to the user.'
NSR,'The estimator shall apply selected recycled parts to the collision estimate.'
NSR,'The estimator shall not apply recycled parts to the collision estimate if no available parts are returned.'
NSR,'The adjuster shall review the collision estimate.'
NSR,'The adjuster shall request a recycled parts audit of the collision estimate.'
NSR,'The recycled parts search results provided to the estimator shall be retrieved by the system.'
NSR,'The system shall generate an audit report based on the available recycled parts and the collision estimate.'
NSR,'The audit report shall include the total number of recycled parts used in the estimate.'
NSR,'The audit report shall include the number of available recycled parts from the original search results.'
NSR,' The audit report shall include the percentage of available recycled parts used in the estimate '
NSR,'The audit report shall include the total score of the audit which sums the indivual line items.'
NSR,'The audit report shall be displayed to the user.'
NSR,'The audit report shall be available to other adjusters at later points in time.'
NSR,'The user shall select to view the preferred repair facility ratings.'
NSR,'The current repair facility ratings shall be displayed to the user.'
NSR,'The system will display a blank set of ratings if there are not ratings yet defined.'
NSR,'The user shall enter new ratings based on the audit report'
NSR,'The ratings shall be from a scale of 1-10'
NSR,'The ratings shall include categories for attempted use of recycled parts and actual use of recycled parts'
NSR,'The user shall select to save the preferred repair facility ratings.'
NSR,'The preferred repair facility ratings shall be saved by the system.'
NSR,' The product must work with most database management systems (DBMS) on the market  whether the DBMS is colocated with the product on the same machine or is located on a different machine on the computer network.'
NSR,'The product will function alongside server software on any operating system where the Java runtime can be installed.'
NSR,'The product will require collaboration with a database management system (DBMS).  The DBMS may be located on the same machine as the product or on a separate machine residing on the same computer network.'
SR,'The product shall ensure that only company employees or external users with company-approved user IDs may have product access.  100% of all logons shall be by either company employees or external users with company-approved user IDs.'
SR,'Only managers are able to perform search queries for reservations by user.  100% of all search queries for reservations by user shall be from logons of only management logons.'
NSR,' The product must make use of web/application server technology.  Open source examples include Apache web server  Tomcat  and the JBoss application server.'
NSR,' A database management system such as Oracle  DB2  MySql or HSQL will need to be integrated with the product.'
NSR,' The product’s Look and Feel shall be able to incorporate aspects of the customer’s organization such as logo  branding  and identity'
NSR,'The product shall have a conservative and professional appearance.'
NSR,'The product shall make the users want to use it. 80% of the users surveyed report they are regularly using the product after the first 2 weeks post-launch.'
NSR,'The product shall be easy to use. 90% of users will be able to successfully reserve a conference room within 5 minutes of product use.'
NSR,'The product shall give users feedback when necessary. 80% of the users surveyed report that the product accurately confirms their actions.'
NSR,'The product shall allow the user to select a chosen language from one of the target market countries.'
NSR,'The product shall allow for customization of start page and views preferences.'
NSR,' An employee will be able to successfully use the product within a few minutes.  After informally navigating the product for less than 15 minutes  users shall be able to successfully setup meetings and reserve conference rooms.'
NSR,'The product shall use a standard navigation menu familiar to most web users.'
NSR,'The product shall allow for intuitive searching of available conference rooms.'
NSR,'The product shall conform to the Americans with Disabilities Act.'
NSR,'The response shall be fast enough to avoid interrupting the user’s flow of thought.  90% of tasks shall complete within 5 seconds.  98% of tasks shall complete within 8 seconds.'
NSR,' Aside from server failure  the software product shall achieve 99.99% up time.'
NSR,'The product shall create an exception log of problems encountered within the product for transmission to our company for analysis and resolution.'
NSR,' The product shall be capable of handling up to 1 000 concurrent requests.  This number will increase to 2 000 by Release 2.  The concurrency capacity must be able to handle peak scheduling times such as early morning and late afternoon hours.'
NSR,' The product shall be able to process 10 000 transactions per hour within two years of its launch.  This number will increase to 20 000 by Release 2.'
NSR,'The product shall be expected to operate for at least 5 years for each customer installation.'
NSR,'The product shall be used in office environments.'
NSR,'The product must be able to interface with any HTML browser.  The product shall transmit data between the user and the product without problems. The product shall display HTML properly in 80% of all HTML browsers tested (minimum is to test 8 browsers).'
NSR,'The product must be able to interface with various database management systems. The product shall communicate successfully with the database management system on 100% of all transactions.'
NSR,'The product must be able to interface with various email servers. The product shall be able to send email.'
NSR,'The product shall be available for distribution via the Internet as a binary or ZIP file.'
NSR,'The product shall be available for distribution as a packaged CD.'
NSR,' The product will be available for licensing as a one-server  two-five servers  or five-or-more servers license.'
NSR,'A new user must be able to be added to the system within 10 minutes.  90% of new users are able to log into the system within 10 minutes.'
NSR,'The product must be designed using Design Patterns and coding best practices.  90% of maintenance software developers are able to integrate new functionality into the product with 2 working days.'
NSR,'The product must be highly configurable for use with various database management systems for the end users.  80% of end users are able to integrate new database management systems with the product without changing the product’s software code.'
NSR,'Maintenance releases will be offered to customers once a year.  The releases shall take no longer than 5 minutes for 80% of the customer base to install.'
NSR,'Every registered user will have access to the product’s support site via the Internet.  70% of registered users shall find a solution to their problem within 5 minutes of using the support site.'
NSR,'The customer shall be able to easily integrate new building maps with the product throughout the product’s lifecycle.  Integration of new maps with the product shall be possible with little to no support from product support staff.'
NSR,' The product shall be translated into foreign languages other than the target market countries’ languages in future releases.  For each emerging target market  it shall take no more than 5 days to configure the product for that market’s language.'
NSR,' The product is expected to integrate with multiple database management systems.  The product will operate with Oracle  SQL Server  DB2  MySQL  HSQL  and MS Access.'
NSR,'The product shall be able to be installed in any operating environment within 2 days.'
SR,'The product shall ensure that the database’s data corresponds to the data entered by the user.  Each conference room reservation in the system will contain the same information as was entered by the user.'
SR,'The product shall prevent the input of malicious data.  The product and/or adjacent hardware/software systems’ data shall remain 100% uncorrupted each time malicious data is input into the product.'
NSR,'The product and/or dependent databases/filesystems shall remain operational as a result of the input of malicious data.  The product and/or dependent databases/filesystems shall not crash 100% of the time that malicious data is input into the product.'
SR,'The product shall have the ability to receive automatic software updates as new threats emerge.  100% of customers will be able to receive automatic software updates transmitted to the installed product.'
NSR,'The language of the product shall accommodate all of the target market countries. 90% of survey respondents from each target market country will find that the language of the product is acceptable.'
NSR,'The product shall be able to display calendar dates and times according to the user’s locale.  90% of survey respondents from each target market country will find that the date and time formatting of the product is correct.'
NSR,'The product must be developed with the J2SE/J2EE programming language libraries'
NSR,'The product shall record meeting entries.'
NSR,'The product will notify employees of meeting invitations.'
NSR,'The product shall have the ability to send meeting reminders to employees.'
NSR,'The product shall assign the organizers contact information to each meeting they create.'
NSR,'The product will record meeting acknowledgements.'
NSR,'The product shall store new conference rooms.'
NSR,'The product shall update existing conference rooms.'
NSR,'The product will be able to delete conference rooms.'
NSR,'The product shall be able to store new room equipment.'
NSR,'The product will update existing room equipment.'
NSR,'The product shall be able to delete room equipment.'
NSR,'The product shall allow an organizer to invite other employees to meetings.'
NSR,' Each time a conference room is reserved  the conference room schedule shall be updated to reflect the time and date of the reservation.'
NSR,'The product shall record the transportation status of equipment reserved.'
NSR,'The product shall display a map of the company building showing conference room locations.'
NSR,'The product shall record updated meeting agendas.'
NSR,'The product shall send a meeting confirmation to the meeting organizer.'
NSR,'The product shall display room equipment according to search parameters.'
NSR,'The product shall display conference rooms according to search parameters.'
NSR,'The product shall record different meeting types.'
NSR,'The product shall record all the equipment that has been reserved.'
NSR,'The product shall notify building personnel of equipment transport requests.'
NSR,'The product will allow priviledged users to view meeting schedules in multiple reporting views.'
NSR,'The product shall be able to send meeting notifications via different kinds of end-user specified methods.'
NSR,'The product shall have a customizable Look and Feel.'
NSR,'The product shall have an intuitive user interface.'
NSR,'The product will display an available status for unreserved conference rooms.'
NSR,'Recreation of Inventory Quantity Adjustment for the period of previous 30 days shall take no more than 30min.'
NSR,'The System shall allow for a minimum of  6 users to work at the same time.'
NSR,'The System shall utilize currently owned computer equipment.'
NSR,'The System shall be able to automatically backup business data and restore them on demand.'
SR,'The System shall maintain consistent security.  Any changes in user passwords and/or permissions should take affect in all parts of the System.'
SR,'The System shall granularly control access rights to all major subsystems.  It should be possible to assign access rights to all subsystems independently.'
NSR,'The System shall meet all applicable accounting standards.  The final version of the System must successfully pass independent audit performed by a certified auditor.'
NSR,'The System shall not require additional third party licenses resulting in royalty fees.'
NSR,'The System shall allow generation of Inventory Quantity Adjustment documents on demand.'
NSR,'The System shall allow on demand generation of all Inventory Quantity Adjustment documents since certain point of time.'
NSR,'The IQA subsystem shall take into account current inventory status and adjust inventory of substitutionary ingredients accordingly.'
NSR,' The System shall allow entering  storing and modifying product formulas.'
NSR,' Product formulas shall allow use of semi-products  which have own formulas.'
NSR,'Product formula ingredients shall allow defining substitutionary ingredients.'
NSR,'Product formula substitutionary ingredients shall be entered automatically by the PFE subsystem.'
NSR,'Formula substitutionary ingredients shall be kept in persisted order'
NSR,' Product shall allow entering  storing and modifying product menus used by POS terminals.'
NSR,'PME Subsystem shall allow building product menus based on the list of products kept in the accounting system.'
NSR,'PME Subsystem shall allow keeping submenus within menus and products within submenus in a managed and persisted order.'
NSR,'PME Subsystem shall allow for a product to exist in more than one submenu'
NSR,'The RMS System shall have Windows XP look and feel and use GUI futures making its use intuitive.'
NSR,'The System shall generate Inventory Quantity Adjustment document based on product daily sales data and product formulas.'
NSR,'The System shall generate Inventory Quantity Adjustment document automatically when daily Product Sales data is available.'
NSR,'Administrator shall be able to activate a pre-paid card via the Administration section in under 5 seconds.'
NSR,' Customer shall be able to check the status of their prepaid card  by entering in the PIN number  in under 5 seconds.'
NSR,'System shall let customers register on the website as a “pay as you go” user in under 5 minutes.'
NSR,'System shall let customers register on the website as a “unlimited movie subscriber” user in under 10 minutes.'
NSR,'System shall let existing customers log into the website with their email address and password in under 5 seconds.'
NSR,' System shall let customers cancel their account  process shall take no longer than 2 minutes.  Database will mark the account as inactive  and user will not be able to log into the website.'
NSR,'System shall let administrator de-activate a customer account in under 1 minute. Customer will no longer be able to access the website.'
NSR,'System shall let administrator add/remove movies on the website in under 5 minutes.  Entered movie information will be stored in the database and will now be available on the website.'
NSR,'System shall let the administrator add/remove categories on the website in under 5 minutes.'
NSR,'System shall let Izogn Manager access sales and usage statistics in under 2 minutes.'
NSR,'System shall let administrators generate unique pre-paid pins in under 2 minutes and generate an Excel file with the generated PINs.'
NSR,'The website shall be attractive to all audiences.  The website shall appear to be fun and the colors should be bright and vibrant.'
NSR,' The website should have an African feel  but should not alienate non-Africans.  The website should use animation on pages which are describing the services  to grab the users attention and encourage them to sign up.'
NSR,' The website design should be modern  clean  and concise.'
NSR,'The product should be able to be used by 90% of novice users on the Internet.'
NSR,' Users should only have to navigate through a maximum of 4 pages  to create an account with the website.'
NSR,'Users should be able to access their streaming movies in under 2 clicks after logging into the website.'
NSR,'An anonymous survey will show that 70% of customers are comfortable purchasing streaming movies after 2 weeks using the website.'
NSR,'An anonymous survey will show that 95% of customers are comfortable using and purchasing pre-paid cards after a month of using the system.'
NSR,'The product shall retain the customer’s buying preferences and information.'
NSR,'The product shall be easy for customers with novice skills on the  Internet to purchase and watch streaming movies.  Customers should be able to purchase and watch a pre-determined movie in under 3 minutes.'
NSR,'The product shall use symbols and words that are naturally understandable by users familiar with websites'
NSR,'The website will use standard Internet conventions when interacting with the user.'
NSR,' Any interface between a user and the automated system shall have a maximum response time of 5 seconds  unless noted by an exception below.'
NSR,' When purchasing a streaming movie or pre-paid card via credit card  the processing time should have a maximum response time of 15 seconds.'
NSR,' When streaming a movie  the buffering time should take no longer than 10 seconds (plus any latency on the user’s connection.)'
NSR,' While streaming a movie  buffering should only occur if there is latency in the user’s connection.'
SR,' All credit card information will be secured on the server  and only accessible by authorized Izogn administrators.  Information will be encrypted in the database.'
NSR,' The website shall be available for use 24 hours per day  365 days per year.'
NSR,'The website shall achieve 99.5% up time.'
NSR,' All movies shall be streamed on demand  at any time of the day.'
NSR,'The website shall continue to operate if the streaming server goes down.'
NSR,'The website shall continue to operate if the payment gateway goes down.'
NSR,'The streaming server will support 50 simultaneous streaming connections.'
NSR,'The streaming server will support a maximum of 700 movies; new servers can be added to support more movies.'
NSR,' The server will support a maximum of 1 000 simultaneous users.'
NSR,' The website shall be capable of supporting 100 000 customers.'
NSR,'The product shall be expected to operate within the maximum maintenance budget for a minimum of 2 years.'
NSR,'All aspects of the website shall be accessed by a web browser over the Internet.'
NSR,'The same hardware supporting the current website will be used to support the new system.'
NSR,' We must be able to interface with the following browsers: IE 5.X  6.0  Netscape 6.x  7.x  8.x and Firefox 1.0.'
NSR,'Website must interface with the CyberSource API to process credit card transactions.'
NSR,'Website must be fully operational with MSN TV2.'
NSR,'Movies shall be encoded and streamed via Windows Media Player 9.0.'
NSR,'Movies shall be encoded for 56k and 256k streams.'
NSR,'Promotional updates to the website should take a day to update.'
NSR,'Izogn Administrator must be able to update the category listings on the website within 2 minutes.'
NSR,'Izogn Administrator must be able to add new products to the website within 2 minutes.'
NSR,'The system will provide a 24 hour 800 toll free number for support to its customers.'
NSR,'The website will provide a help section with answers and solutions to common problems.'
NSR,' Velkat staff will be available for phone support between 7am-7pm  M-F to provide technical support to the Izogn administrators.'
NSR,'The product shall be able to be installed in the specified environment within 1 working day.'
SR,' The website shall make its user aware of its information practices before collection data from them via a Privacy Policy  accessible on all pages of the website.'
SR,'The system shall notify customers of changes to its information policy.'
SR,'The system shall reveal private information only in compliance with the organization’s information policy.'
SR,' All customer information will be stored on a secure database  accessible only to authorized personnel.'
SR,'All credit card information will be encrypted in the database.'
SR,'The streaming server will have anti-virus software to prevent infection of malicious viruses.'
NSR,'The website should cater to all tribes in Nigeria.'
NSR,'The website shall not be offensive to religious or ethnic groups.'
NSR,' The website should appeal to all Africans  not only Nigerians.'
NSR,'The website should use Flash to provide animation on the home page.'
NSR,'IzognMovies shall meet the licensing requirements set forth by the appropriate organizations in order to stream African movies.'
NSR,'The website will comply with W3C standards.'
NSR,'The PHP code will comply with PEAR standards.'
NSR,' The website will allow customers to search for movies by title  actor  or director.'
NSR,' viewing a movie details  the website will display the movies description  actor  and director entered in by the administrator.'
NSR,' Website shall request  and authorize credit card payment before allowing a user to stream a movie.'
NSR,' shall be able to stream purchased movie via Windows Media Player  for up to 2 days aftere purchase date.'
NSR,'Website shall allow customers to browse movies by categories entered in by izogn administrator.'
NSR,'Website shall allow customers to view reviews of selected movies by other customers.'
NSR,'Website shall allow customers to add their own movie review for a selected movie.'
NSR,'Website shall allow the Izogn administrator to approve a review posted by a customer.'
NSR,'System will allow customers to pay for a streaming movie with a pre-paid card.'
NSR,' Website shall allow customers to purchase pre-paid cards of $5  $10  or $20 value either by credit card or mail-in payment option.'
NSR,' System shall automatically update the main page of the website every Friday  and show the 4 latest movies that have been added to the website.'
NSR,'System shall allow users to update their billing and contact information via the “My Account” section of the website.'
NSR,' Pre-paid cards shall be distributed via email  or via a printed paper card.'
NSR,'Only registered customers can purchase streaming movies.'
NSR,' Movies can only be streamed if the customer has purchased a movie  and is within the 2-day time period to stream the movie.'
NSR,'Website must be able to support free trial periods with various parameters set by the Izogn Manager.'
NSR,' All streaming movie sales will be logged in the database  and accessible by the administrator.'
NSR,' All registered customer information shall be stored and maintained in the database  even after the customer cancels their account.'
NSR,' Daily usage statistics should be logged  and accessible by the administrator.'
NSR,'The owner shall have free access to all of the streaming movies.'
NSR,'Total lead cycle time must be completed in 5 minutes for 90% of lead volume between the business hours of 8AM CST to 8PM CST; then 3 minutes for 99% of lead volume during off business hours.'
NSR,'No lead evaluation will complete in a time period longer than 25 seconds for 97% of all leads processed.'
NSR,'For leads that process longer than 25 seconds the system will record the event and duration'
NSR,'The process must fit within the processing time conditions set forth by the Auto Rep Assignment process in which a lead is assigned within 3 minutes of the total life cycle.'
NSR,'The lead washing process will operate within the established physical web service structure.'
NSR,' The washing process must use a non binding  neutral data format  such as xml  when receiving and processing lead data.'
NSR,'Defect reports will be available to technical units on a 24x7 basis.'
NSR,'Washing parameters will be updated during scheduled maintenance hours.'
NSR,'The vendor will verify the invalid lead.'
NSR,'Vendor will submit a credit validation record to be applied to the enterprise billing system.'
NSR,'If a lead is scored to the high range the system will supply the lead data and score to the enterprise system.'
NSR,'The leads washing functionality will validate all leads received by the web service for valid data'
NSR,'The leads washing functionality will insert all leads captured by the web service.'
NSR,'If the leads score falls within the high average score then it will be process by the ARA functionality.'
NSR,'If the leads score falls within the medium average then it will be set for manual verification by an Enrollment Coordinator through the eleads system.'
NSR,'If the leads score falls within the low average then it will be returned to the supplying vendor'
NSR,'The leads washing functionality will compile both contact and academic scoring information for a total score.'
NSR,'The leads washing functionality will use the parameters supplied by corporate and schools to score part of the lead.'
NSR,'The leads washing functionality will return the lead data supplied to the vendor along with the reason of rejection.'
NSR,'The leads washing functionality will have an interface in which lead data parameters can be maintained.'
NSR,'The leads washing functionality will verify the users authentication and rights to make parameter updates.'
NSR,'The leads washing functionality will store any potential lead duplicates returned by the enterprise system.'
NSR,'Prior to submitting the lead to the enterprise system the leads washing functionality will assign the lead to an admissions rep.'
NSR,'The leads washing functionality shall receive a period list of available reps from the enterprise system.'
NSR,'The product shall simulate the look of ships at sea.'
NSR,'The product shall display the grids within a circle as a view from a periscope.'
NSR,'The product shall display each type of ship in a grid using an image of the specific type of ship.'
NSR,' When the offensive player takes a shot  the product shall simulate the sound of a ship at sea.'
NSR,' When a shot is marked as a miss  the product shall simulate the sound of a shot missing its target.'
NSR,' When a shot is marked as a hit  the product shall simulate the sound of a shot hitting its target.'
NSR,' When a ship is sunk  the product shall simulate the sound of a sinking ship.'
NSR,' The product shall be available 24 hours per day  seven days per week.'
NSR,'The product shall able to handle a large number of games simultaneously.'
NSR,'The response time shall be fast enough to maintain the flow of the game.  The response time shall be no more than 2 seconds for 95% of responses and no more than 4% for the remaining responses.'
NSR,'The product shall protect the identity of the players. The product shall provide players no access to information that might reveal the identity of another player.'
NSR,'The product shall be intuitive and self-explanatory.  Nine out ten users shall be able to successfully complete a game with no training.'
NSR,' The product shall be available to players who understand English  Spanish and French.  The product shall allow the user to select the language upon accessing the product.'
SR,'The product shall provide players no access to information that might reveal the identity of another player'
NSR,'The response time shall be fast enough to maintain the flow of the game. The response time shall be no more than 2 seconds for 95% of responses and no more than 4% for the remaining responses.'
NSR,'The product shall maintain a list of players.'
NSR,'The product shall allow a user to identify himself or herself as a player.'
NSR,' Once a game has been initiated  the product shall make the players assigned to the game unavailable for selection from the list of players.'
NSR,'The product shall allow a user to remove himself or herself from the list of players at any time.'
NSR,'The product shall make inactive players unavailable for selection from the list of players.'
NSR,'The product shall remove players who have been inactive for 24 hours from the list of players.'
NSR,'The product shall allow a player to initiate a game by selecting another available player from the list of players.'
NSR,' Once a game is initiated  the product shall display a defensive grid to each player'
NSR,' Once a game is initiated  the product shall display an offensive grid to each player.'
NSR,'The product shall prevent a player from viewing the offensive or defensive grids of the other player.'
NSR,' Once a game is initiated  the product shall allow each player to position their 5 ships on their respective defensive grids.'
NSR,'The product shall allow a player to position ships horizontally on their grid.'
NSR,'The product shall allow the player to position ships vertically on their grid.'
SR,'Only authorized personnel can access sales information.'
SR,'The website shall prevent its data from being corrupted when incorrect data is entered in.'
SR,' The website shall protect itself from intentional abuse  and notify the administrator at all occurrences.'
SR,'Data integrity scripts will be run on a weekly basis to verify the integrity of the database.'
NSR,'The product shall allow the player to position ships diagonally on their grid'
NSR,'The product shall prevent the player from overlapping ships on their grid.'
NSR,' When both players have positioned their 5 ships on their defensive grids  the product shall define the status of each player for the first turn.'
NSR,' For each turn  the product shall identify one player as offensive status and one player as defensive status.'
NSR,' The product shall maintain the status of each player for a turn  either offensive or defensive.'
NSR,' At the start of each turn  the product shall notify each player of his or her status.'
NSR,' For each turn  the product shall allow the offensive player to define a shot.'
NSR,' For each shot  the product shall examine the defensive grid of the defensive player to determine whether the shot was a hit or miss.'
NSR,' For each shot  the product shall notify the players whether the shot was a hit or miss.'
NSR,' For each shot  the product shall mark the shot as a hit or miss on the defensive grid of the defensive player.'
NSR,' For each shot  the product shall mark the shot as a hit or miss on the offensive grid of the offensive player.'
NSR,' When the hit results in sinking a ship  the product shall notify the players that the ship was sunk.'
NSR,' When the hit results in sinking a ship  the product shall mark the ship as sunk on the defensive grid of the defensive player.'
NSR,' When the hit results in sinking a ship  the product shall indicate the type of ship sunk on the defensive grid of the defensive player.'
NSR,' When the hit results in sinking a ship  the product shall mark the ship as sunk on the offensive grid of the offensive player.'
NSR,' If the shot was marked as a hit  the product shall allow the offensive player to define a shot.'
NSR,' If the shot was marked as a miss  the product shall change the status of the offensive player to defensive'
NSR,' If the shot was marked as a miss  the product shall change the status of the defensive player to offensive'
NSR,'The product shall continue to assign turns until the game is ended.'
NSR,' The product shall end a game when a hit by the offensive player results in sinking the last of the defensive player’s ships  which had not been previously marked as sunk.'
NSR,'The product shall allow a player to end a game at any time during the game.'
NSR,' When a game is ended  the product shall notify the players that the game is ended.'
NSR,' The notification of the game ending will include the reason the game is ended (i.e.  a player has won the game or a player has ended the game).'
NSR,' When a game is ended  the product shall allow each player to identify himself or herself as an available player in the list of players.'
NSR,' When a game is ended  the product shall allow each player to remove himself or herself from the list of players.'
NSR,'The system shall be easy to use by callers and supervisors. Callers and supervisors must be able to accomplish any system task within 2 minutes.'
NSR,'The system shall be easy to learn by callers and supervisors. Callers and supervisors shall learn how to use the system within 10 minutes.'
NSR,' The system shall be responsive. At the DePaul TeleServices Center  when a supervisor uses the system to view a callers schedule  the system response time must be no more than 2 seconds 90% of the time and no more than 5 seconds the rest of the time.'
NSR,' On a 56k connection  the system response time for all operations must be no more than 6 seconds 90% of the time.'
NSR,' On a 112k connection or faster  the system response time for all operations must be no more than 3 seconds 90% of the time.'
NSR,'The system shall have high availability every day of the year.The system must be available for use between 12:00AM and 6:00PM all days of the year.'
NSR,'The system must be available for use between 7:00AM and 11:59PM all days of the year.'
NSR,'The product shall be internet browser independent.The product must run using Internet Explorer and Netscape Navigator.'
SR,'The product shall ensure that only supervisors can advertise empty time slots.The product must ensure that supervisors are allowed to access advertise empty time slots.'
SR,'The product shall ensure that only supervisors can enter a caller’s schedule.The product must ensure that supervisors are allowed to access advertise empty time slots.'
SR,'The product shall ensure that only supervisors can view schedule of all callers.The product must ensure that supervisors are allowed to access advertise empty time slots.'
NSR,' The interface shall have a simple look. In the interface and usability survey  90% of beta testers must report that the interface is adequately simple.'
NSR,' The interface shall be appealing to callers and supervisors. In the interface and usability survey  80% of beta testers must report that the interface is appealing.'
NSR,'The product shall provide GUI based Monitoring Services.System Administrators shall monitor message exchanges will predict and determine problems and will also provide internal and external support.'
NSR,'The product shall comply with City of Chicago Application Development Guide Framework.Application Development Framework will provide structured Graphical User Interface.'
NSR,'The product shall provide Monitoring Services.The product shall be easy for System Administrators and DBAs to use after two weeks of usage.'
NSR,'The product shall provide Error Tracking Services.The product shall help the System Administrators and DBAs to resolve transaction errors 99% of the time.'
NSR,'The product shall provide Portals.The product shall help System Administrators to analyze the transactions with ad-hoc reporting and KPIs (Key Performance Indicators)'
NSR,'The product shall provide Asynchronous Messaging.The product shall provide asynchronous messaging to enable parallel processing and reduce the overhead in communications'
NSR,'The product shall provide Multi-threading and Load Balancing.The product shall provide multi-threading technology as well as load balancing to overcome data load spikes and traffic.'
NSR,'The product shall process messages within 2 seconds.The product shall have a maximum message processing time of 2 seconds'
NSR,'The product shall poll the system for messages every second.The product shall poll the system for new messages at a maximum of every 1 second.'
NSR,'The product shall provide Dynamic Change Support and Transparent resource addition.The product shall support Transparent Resource addition and Dynamic Change support to provide scalability and avoid service interruptions of more than 1 day.'
NSR,'The product shall be available 99% of the time. Rationale: To avoid service interruption during busiest customer service response periods. The product shall be available 99.99% of the time for regular business days.'
NSR,'The product shall be robust.The product shall have fault avoidance based on standards adoption.'
NSR,'The product shall be robust with fault tolerance.The product shall have fault tolerance by using recovery technique compensatory transaction and routing around failures.'
NSR,'The product shall be able to process all transactions.The product shall process minimum of 1 million transactions per year.'
NSR,'The product shall be platform independent.The product shall enable access to any type of development environment and platform.'
NSR,'The product shall interface CSR and Datastream.The product shall exchange messages between CSR and EAM on a real time basis without any direct interfaces between two systems.'
NSR,' : The product shall continue to operate during upgrade  change or new resource addition.The product shall be able to continue to operate with no interruption in service due to new resource additions.'
NSR,'The product shall be updated on a regular basis.The product will have a new major feature introduced every six months and quarterly maintenance releases every six months.'
NSR,'The product shall operate with every platform.The product shall accommodate any new technology without any change in its architecture.'
SR,' The product shall have security.The product shall provide authentication  and authorization.'
SR,'The product shall information Security. The product shall enable privacy by encryption WS-Security and Integrity Checking.'
SR,'The product shall have audit capabilities.The product shall store messages for a minimum of one year for audit and transaction tracking purposes.'
NSR,'The system shall use IBM and CCR branding standards. The interface must have one IBM logo and one CCR logo.'
NSR,'The system shall be displayable on any work computer a CCR user may have. The system interface shall be formatted to display at 800 by 600 pixel resolution.'
NSR,'The system interface will use CCR nomenclature. The system must use the same nomenclature used in the existing WCS system and reports'
NSR,'The interface must summarize the data in a fashion that’s appealing to CCR management. Every report type must have at least one high level summary shown in the results dashboard/interface'
NSR,'The system must use a point and click interface. 100% of all selection and navigation functionality must be able to be activated/selected by either a mouse or a keyboard'
NSR,'The interface shall be easy to use. 90% of users should be able to successfully use the system to generate a report on their first use. The interface should adhere to IBM usability standards.'
NSR,'Rreports must be easy to generate. eports must be generated within one button click and exported within one button click (after selecting the report)'
NSR,'A user shall be able to use the system without instruction after a short amount of time. After one use a user should understand and remember 90% of the system usage and navigation.'
NSR,'All CCR users shall receive training before the WCS system is deployed. One training session will be held for 100% of CCR users before system deployment (based on a CCR user being available)'
NSR,'The WCS system shall use appropriate nomenclature and terminology as defined by the Corporate Community Grants organization. All interfaces and reports will undergo usability tests by CCR users.'
NSR,'The WCS system shall be available at all times as long as IBM’s internal intranet W3 is accessible. The WCS system will be available 95% of the time IBM’s internal intranet W3 is available.'
NSR,'The WCS system shall have the ability to connect other designated WCS databases currently not included in the system.'
NSR,'The WCS system shall have the ability to include data for regions outside the United States and be accessed by users outside of the United States if approved by CCR management.'
NSR,'The WCS system shall be run in a Windows environment. The WCS shall be accessed by users through the Internet on an IBM computer running a Windows 2000 or above operating system.'
NSR,'The Brio portion of the WCS system must be able to export files in spreadsheet form (Microsoft Excel and Lotus 1-2-3 formats).  Brio will provide buttons in the user interface that produce/export reports in .xls or .123 file formats.'
NSR,'The WCS system must run queries to the WCS databases once again (on a specified day) to update the available data available to CCR users. Queries must be made to external databases for data refresh once a week.'
NSR,' All changes  updates  and additions to the WCS system shall be updated in the WCS Developer and WCS User Guides. Every change must be reflected in WCS system documentation'
SR,'The system shall only be accessed by authorized Corporate Community Grants (CCR) employees. Users must be authenticated using their IBM intranet user name and password.'
SR,'The WCS system shall not allow automatic logins by any user. Cookies containing WCS login information about a user will not be stored on a user’s computer.'
SR,'Each team owner will need to use a username and password in order to be authenticated to reach the team owner’s page'
SR,'The Commissioner will be the only authorized user per league to adjust league settings.'
NSR,'Each page shall contain a navigation menu which shows the index into which the current page is contained.'
NSR,'Each page shall contain a similar format with action items in one location and navigation buttons in a different location.'
NSR,'The message board shall contain the 5 most recently posted messages on the league page. The messages will contain up to the first 150 characters of the message.'
NSR,"'	A new user shall be able to navigate through the league and team pages within 30 seconds of reaching the start-up page.'"
NSR,"' 	Users shall be able to reach the ‘add’  ‘drop’  and ‘trade player’ pages with one click from the team owner’s page.'"
NSR,"'	Users shall be able to view at least 25 NFL player statistics and points on each page.'"
NSR,'The application shall ask the user to confirm dropping a player or trading a player before performing the action.'
NSR,'The application shall be able to complete every user transaction within one fourth of a second of receiving the request over the network.'
NSR,'The application shall have a downtime of at most 10 minutes per year.'
NSR,'The application shall run on a web application server.'
NSR,'A primary database will be used to store cached data for active users.'
NSR,'A secondary database will be used to store historical statistics and data.'
NSR,'Application updates shall occur between 3AM and 6 AM CST on Wednesday morning during the middle of the NFL season.'
NSR,'New System version releases shall be released at the beginning of each NFL season.'
NSR,"' 	The RFS system should be available 24/7  especially during the budgeting period. The RFS system shall be available 90% of the time all year  and 98% during the budgeting period. 2% of the time  the system will become available within 1 hour of the time that the situation is reported.'"
NSR,'98% of the user workstations shall meet the minimum hardware requirements prior to implementation. Minimum Hard Disk Space:  400MB.'
NSR,'98% of the user workstations shall meet the minimum software requirements prior to implementation: Microsoft Internet Explorer 5.0. Microsoft .NET Framework 1.1. Microsoft Internet Explorer Web Controls'
NSR,"' 	The RFS system should be able to easily interface with the BDW environment  in order to load the data. •	7 data files shall be received from the BDW and loaded into the RFS system within 3 hours one day prior to the start of budgeting process  every year. The data will be as of October month-end. 	Test files (7) shall be loaded up to 5 times throughout the year  from the BDW.'"
NSR,"' 	Changes to revenue and expense formulae must be applied to the RFS system  every year  prior to the budgeting process start. Revenue and expense formulae will be updated within one week of their receipt  after which 2 weeks will be allotted to testing of the budget calculations  to be conducted jointly by the project development team and PCG Finance.'"
NSR,"' 	New branches/complexes/districts/regions and revenue/expense accounts added to the BDW  must be reflected in the RFS system. 100% of the entities (mentioned above) available as of October month-end  will be loaded into the RFS system  prior to the budget start process.'"
SR,"' 	Only authorized user shall access the RFS system. ONLY users that exist in the UAS system  with the RFS system assigned to their role(s)  shall access the RFS system and use it.'"
SR,"'	User access should be limited to the permissions granted to their role(s) Each level in the PCG hierarchy will be assigned a role and users will be assigned to these roles. Access to functionality within RFS system is dependent on the privileges/permission assigned to the role..'"
NSR,"' 	The product must comply with the intranet page standards and requirements of ENET Securities. 95% of the product look & feel will be approved by the Architecture group  prior to implementation. The remaining 5% will be corrected and approved within one month of product release.'"
NSR,' The intranet pages should display appropriately in all resolutions  from 800x600 and higher. The display of all the pages will be correct in 95% of the resolutions  prior to implementation. The remaining 5% will be corrected within a week of notification of the incorrect display.'
NSR,"' 	The users should be able to easily use the system to successfully complete their budgets  within the stipulated time for completion. With a week of training prior to product implementation  98% of the users shall complete their budgets within the stipulated time.'"
NSR,"' 	The product interface should be fast. The response time of the product interface should not exceed 2 seconds 90% of the time. For 10% of the time  the response time should not be more than 10 seconds.not be more than 10 seconds.'"
